# SQL Manager 2007 for MySQL 4.5.0.4
# ---------------------------------------
# Host     : localhost
# Port     : 3306
# Database : womenit


/*!40101 SET @OLD_CHARACTER_SET_CLIENT=@@CHARACTER_SET_CLIENT */;
/*!40101 SET @OLD_CHARACTER_SET_RESULTS=@@CHARACTER_SET_RESULTS */;
/*!40101 SET @OLD_COLLATION_CONNECTION=@@COLLATION_CONNECTION */;
/*!40101 SET NAMES utf8 */;

SET FOREIGN_KEY_CHECKS=0;

CREATE DATABASE `womenit`
    CHARACTER SET 'latin1'
    COLLATE 'latin1_swedish_ci';

USE `womenit`;

#
# Structure for the `canalesdifusion` table : 
#

DROP TABLE IF EXISTS `canalesdifusion`;

CREATE TABLE `canalesdifusion` (
  `idCanalDif` int(11) NOT NULL AUTO_INCREMENT,
  `nombreCanalDif` varchar(50) NOT NULL,
  PRIMARY KEY (`idCanalDif`)
) ENGINE=InnoDB AUTO_INCREMENT=8 DEFAULT CHARSET=utf8;

#
# Structure for the `instituciones` table : 
#

DROP TABLE IF EXISTS `instituciones`;

CREATE TABLE `instituciones` (
  `idInstitucion` int(11) NOT NULL AUTO_INCREMENT,
  `nombreInstitucion` varchar(500) NOT NULL,
  PRIMARY KEY (`idInstitucion`)
) ENGINE=MyISAM AUTO_INCREMENT=18 DEFAULT CHARSET=utf8;

#
# Structure for the `registroparticipantes` table : 
#

DROP TABLE IF EXISTS `registroparticipantes`;

CREATE TABLE `registroparticipantes` (
  `idRegistro` int(11) NOT NULL AUTO_INCREMENT,
  `idRol` int(11) NOT NULL,
  `Nombre` varchar(60) NOT NULL,
  `Apellidos` varchar(80) NOT NULL,
  `fechaNacimiento` date NOT NULL,
  `correo` varchar(80) NOT NULL,
  `idInstitucion` int(11) NOT NULL,
  `fuenteInformacion` varchar(500) DEFAULT NULL,
  `codigoConfirmacion` varchar(20) NOT NULL,
  `estatus` enum('noAplicada','Aplicada') NOT NULL,
  `fechaRegistro` timestamp(6) NOT NULL DEFAULT CURRENT_TIMESTAMP(6),
  `estatusCodigo` enum('noConfirmado','Confirmado') DEFAULT NULL,
  PRIMARY KEY (`idRegistro`),
  KEY `idRol` (`idRol`),
  KEY `idInstitucion` (`idInstitucion`)
) ENGINE=MyISAM AUTO_INCREMENT=406 DEFAULT CHARSET=utf8;

#
# Structure for the `roles` table : 
#

DROP TABLE IF EXISTS `roles`;

CREATE TABLE `roles` (
  `idRol` int(11) NOT NULL AUTO_INCREMENT,
  `nombreRol` varchar(75) NOT NULL,
  PRIMARY KEY (`idRol`)
) ENGINE=MyISAM AUTO_INCREMENT=16 DEFAULT CHARSET=utf8;

#
# Data for the `canalesdifusion` table  (LIMIT 0,500)
#

INSERT INTO `canalesdifusion` (`idCanalDif`, `nombreCanalDif`) VALUES 
  (1,'Redes Sociales'),
  (2,'Medios de Comunicación'),
  (3,'Publicidad'),
  (4,'Amigos/Conocidos'),
  (5,'Escuela'),
  (6,'Familiares'),
  (7,'Otra');
COMMIT;

#
# Data for the `instituciones` table  (LIMIT 0,500)
#

INSERT INTO `instituciones` (`idInstitucion`, `nombreInstitucion`) VALUES 
  (1,'Universidad Autónoma de Querétaro'),
  (2,'Instituto Tecnológico de Querétaro '),
  (3,'Instituto Tecnológico de San Juan del Río'),
  (4,'Universidad Tecnológica de Querétaro'),
  (5,'Universidad Tecnológica de Corregidora'),
  (6,'Universidad Tecnológica de San Juan del Río'),
  (7,'Universidad Politécnica de Querétaro'),
  (8,'Universidad Politécnica de Santa Rosa Jáuregui'),
  (9,'Universidad del Valle de México Campus Querétaro'),
  (10,'Universidad de Londres'),
  (11,'Instituto Tecnológico de Estudios Superiores de Monterrey Campus Querétaro'),
  (12,'Universidad Cuauhtémoc Querétaro'),
  (13,'Universidad Politécnica de Querétaro'),
  (14,'Instituto Tecnológico de Celaya'),
  (16,'Empresa'),
  (17,'Otra');
COMMIT;

#
# Data for the `registroparticipantes` table  (LIMIT 0,500)
#

INSERT INTO `registroparticipantes` (`idRegistro`, `idRol`, `Nombre`, `Apellidos`, `fechaNacimiento`, `correo`, `idInstitucion`, `fuenteInformacion`, `codigoConfirmacion`, `estatus`, `fechaRegistro`, `estatusCodigo`) VALUES 
  (1,1,'Daniela','Delgado García','1997-06-28','danydelgado139@gmail.com',1,'1','Lqr6Clbyx9','Aplicada','2018-02-26 08:43:46.600820','Confirmado'),
  (3,1,'Ana Laura','Peña Hernández','1997-03-28','analauraa.planet@gmail.com',1,'1','eDfrBtzMHj','Aplicada','2018-02-26 08:43:46.600820','Confirmado'),
  (4,1,'Karen Elena','Oviedo Aguilar','1997-01-15','krn-oviedo@hotmail.com',1,'1','qVuS913gvM','Aplicada','2018-02-26 08:43:46.600820','Confirmado'),
  (5,1,'Jessica Pamela','Pérez Pérez','1998-02-15','jesypame321@gmail.com',1,'4','ZLPo64nWYE','noAplicada','2018-02-26 08:43:46.600820','Confirmado'),
  (6,7,'Martha Guadalupe','Hernández Hernández','1990-10-24','marthahdez2@gmail.com',14,'1','PTnjzBQ4pv','noAplicada','2018-02-26 08:43:46.600820','Confirmado'),
  (7,1,'Aurea','Argaiz Cabrera','1993-06-01','aureaac93@gmail.com',1,'1','ux1Q25msG4','Aplicada','2018-02-26 08:43:46.600820','Confirmado'),
  (8,1,'Jazmín','Puente Rivera','1998-08-24','jazzpuenterivera24@hotmail.com',1,'4','fYGHFo0e3w','Aplicada','2018-02-26 08:43:46.600820','Confirmado'),
  (9,10,'Daniela ','Ayala Salinas','1989-09-01','daniuaq@gmail.com',16,'1','6xdCmgTfZR','Aplicada','2018-02-26 08:43:46.600820','Confirmado'),
  (10,1,'Arantxa','Contreras Valdez','1993-02-01','arantxa_contreras@hotmail.com',1,'1','rbEMSjWa2Y','Aplicada','2018-02-26 08:43:46.600820','Confirmado'),
  (11,1,'Sharol Rubí','González Serrano','1998-11-13','sharol9813@gmail.com',1,'5','poWgahb2MZ','Aplicada','2018-02-26 08:43:46.600820','Confirmado'),
  (16,1,'Yazmín Lisset','Medel San Elías','1996-06-21','lissetmedel@gmail.com',1,'5','FyHGVjxEc5','Aplicada','2018-02-26 08:43:46.600820','Confirmado'),
  (17,1,'Aixa','Pérez Lievana','1999-09-08','aixa.lievana@gmail.com',1,'5','ymTnkJRjvg','Aplicada','2018-02-26 08:43:46.600820','Confirmado'),
  (19,1,'Paola del Rocío','Lara Serrano','0000-00-00','paolalaraserrano@gmail.com',1,'1','lUazw7xTjC','Aplicada','2018-02-26 08:43:46.600820','Confirmado'),
  (20,1,'Diana Sofía','Tinajero Aguilar','1998-03-23','soficoffee@outlook.com',1,'5','YnF6vCpVzj','Aplicada','2018-02-26 08:43:46.600820','Confirmado'),
  (21,2,'Araceli','García Contreras','1990-08-15','ary98441@gmail.com',1,'4','yUOqzSHl0A','Aplicada','2018-02-26 08:43:46.600820','Confirmado'),
  (23,1,'Daniela','Aguilar Mejía','1997-09-23','daniela.aguilar.mejia@hotmail.com',1,'1','P1D6Vzbkwh','Aplicada','2018-02-26 08:43:46.600820','Confirmado'),
  (24,1,'María Fernanda','Juárez Tirado','1998-04-22','ferjuareztirado@gmail.com',1,'5','dYa1984viK','Aplicada','2018-02-26 08:43:46.600820','Confirmado'),
  (25,1,'Sarai de Jesús','Gil Ramos','1996-11-12','sarai.gil.ramos12@gmail.com',1,'5','OeHzkoxlwI','Aplicada','2018-02-26 08:43:46.600820','Confirmado'),
  (28,1,'Alejandra Estefanía','Morales Becerra','1998-01-07','alemoralesb11@gmail.com',1,'5','KXvfuIZPqW','Aplicada','2018-02-26 08:43:46.600820','Confirmado'),
  (29,2,'Laura','Chavero Basaldúa','1985-07-21','chavero21@gmail.com',1,'4','PHVpZTBuzX','Aplicada','2018-02-26 08:43:46.600820','Confirmado'),
  (30,1,'Alejandra ','Vergara Avalos ','1996-10-22','Ale_vergara22@hotmail.com',1,'5','zVXsZ4TDoq','Aplicada','2018-02-26 08:43:46.600820','Confirmado'),
  (31,1,'Claudia','Bernal Otero','1997-09-04','clau.bernalotero@gmail.com',1,'1','I0n2Zv53rB','Aplicada','2018-02-26 08:43:46.600820','Confirmado'),
  (32,1,'Perla Elizabeth','Aguilar Maldonado','1998-03-07','elizabeth_kr@hotmail.com',1,'1','85kHlJEYiN','Aplicada','2018-02-26 08:43:46.600820','Confirmado'),
  (33,1,'Stephanie Judith','Vieyra Laurean','1997-11-04','vieyralaurean@gmail.com',1,'1','Lrdp3zbQIP','Aplicada','2018-02-26 08:43:46.600820','Confirmado'),
  (34,1,'Nayeli','Martínez Juárez','1997-08-15','nayemartinezj@hotmail.com',1,'5','ibKM7Yxdnu','Aplicada','2018-02-26 08:43:46.600820','Confirmado'),
  (35,1,'Guadalupe Lisset ','Vizueth Hernández','1997-12-28','lupita_281297@hotmail.com',1,'5','2CbDplQEra','Aplicada','2018-02-26 08:43:46.600820','Confirmado'),
  (36,1,'María Reyna de la Paz','Guerrero García','1996-06-07','amiepaz08@hotmail.com',1,'5','whnjptzTHR','Aplicada','2018-02-26 08:43:46.600820','Confirmado'),
  (37,1,'Milagros Jazmín ','Rocha Zaragoza ','1997-03-14','jazmin.rocha001@gmail.com',1,'5','hSi0j4189B','Aplicada','2018-02-26 08:43:46.600820','Confirmado'),
  (38,1,'Alma Alejandra','Chávez Irigoyen','2018-02-23','a.irigoyen@outlook.com',1,'5','PAMHc5fu4I','Aplicada','2018-02-26 08:43:46.600820','Confirmado'),
  (39,1,'Karen Gisel','Olvera Martínez','1997-08-20','gisolvera20@hotmail.com',1,'5','j7ImWvK6EO','Aplicada','2018-02-26 08:43:46.600820','Confirmado'),
  (40,1,'María Guadalupe','Mendoza Rangel','1998-12-12','panke.gmr@gmail.com',1,'1','GWedqOyxfo','Aplicada','2018-02-26 08:43:46.600820','Confirmado'),
  (41,10,'Paulina','Álvarez','1983-12-07','libelpau@hotmail.com',1,'1','WCOTySMuvb','noAplicada','2018-02-26 08:43:46.600820','Confirmado'),
  (42,1,'Ana Jacqueline','Morales Contreras','1996-11-22','mocajacqueline@gmail.com',1,'1','2lqtahndSK','noAplicada','2018-02-26 08:43:46.600820','Confirmado'),
  (43,1,'Melani Itzel','Sánchez Campos','1999-02-13','picknick@live.com.mx',1,'1','Nu238RYaLf','Aplicada','2018-02-26 08:43:46.600820','Confirmado'),
  (44,2,'Ana María','Díaz Álvarez','1987-01-18','ana_horse05@hotmail.com',1,'5','E0hkciCoPe','Aplicada','2018-02-26 08:43:46.600820','Confirmado'),
  (45,1,'Karla Alejandra','Álvarez Mendoza','1994-07-28','karla.alvarez.0022168430@gmail.com',1,'4','YJjuOFWXTd','Aplicada','2018-02-26 08:43:46.600820','Confirmado'),
  (46,1,'María Guadalupe','Anaya Pérez','1997-01-02','Mariaguadalupe-anaya@hotmail.com',1,'5','s2XhgvLEmr','Aplicada','2018-02-26 08:43:46.600820','Confirmado'),
  (47,1,'Arandi Alejandra','González Arias','1996-11-29','arandigonzalez@gmail.com',1,'5','e6gwiMzSH2','Aplicada','2018-02-26 08:43:46.600820','Confirmado'),
  (48,1,'Juana Ivón ','Sánchez Ramírez ','1997-10-09','ivon_ne_ram@hotmail.com',1,'5','fwzbVWsDra','Aplicada','2018-02-26 08:43:46.600820','Confirmado'),
  (51,1,'Xatziri','González Briones','1998-08-23','xatziri@me.com',1,'5','GudIeyVFpx','Aplicada','2018-02-26 08:43:46.600820','Confirmado'),
  (52,1,'Fátima Miriam','Sánchez Sánchez','1997-05-24','fatima.mss.24@gmail.com',1,'1','BcYImVHEfh','Aplicada','2018-02-26 08:43:46.600820','Confirmado'),
  (53,1,'Brenda Guadalupe','Cruz Baltierra','1993-01-26','brendache.14@gmail.com',1,'1','5In3LZVS2W','Aplicada','2018-02-26 08:43:46.600820','Confirmado'),
  (54,1,'Galilea','Robles Cruz','1998-12-26','garocr26@gmail.com',1,'5','LiOXNVuWf5','Aplicada','2018-02-26 08:43:46.600820','Confirmado'),
  (64,1,'María José','Barrón Olguín','1996-11-12','mjbolguin@gmail.com',1,'4','Toyhizf49e','Aplicada','2018-02-26 08:43:46.600820','Confirmado'),
  (65,1,'María Guadalupe','Trejo Arellano','1996-02-18','mtrejo.arellano@gmail.com',14,'5','cYyIjCabix','Aplicada','2018-02-26 08:43:46.600820','Confirmado'),
  (66,1,'Diana Laura','Zamora Zepeda','1999-03-23','dianazamora210@gmail.com ',1,'5','Cb0aEpo2Iz','Aplicada','2018-02-26 08:43:46.600820','Confirmado'),
  (67,1,'Dyan Michelle','Mascott Espinoza','1995-11-29','dyan.mascott@gmail.com',1,'1','TMIVY2Kgyr','noAplicada','2018-02-26 08:43:46.600820','Confirmado'),
  (68,1,'Karen Sarai','Flores Pérez ','1996-06-01','floresperezkarensarai@gmail.com',1,'4','OlFJ3hBS7s','noAplicada','2018-02-26 08:43:46.600820','Confirmado'),
  (69,1,'Itzel Gabriela','Morales Carrizal','1996-05-07','gabycarrizal2@gmail.com',1,'5','JLX9nBC04t','Aplicada','2018-02-26 08:43:46.600820','Confirmado'),
  (70,1,'Karla Yamile','Cruz García','1998-08-22','kayam.garka@gmail.com',1,'5','VfQUB7zid5','Aplicada','2018-02-26 08:55:59.007070','Confirmado'),
  (71,1,'Daniela ','Ramírez López','1998-01-10','dany-tacos@hotmail.com',1,'5','CMp78jQzIm','noAplicada','2018-02-26 08:58:25.225820','Confirmado'),
  (73,11,'Janett','Juvera Ávalos','1988-02-16','JACUARIA@GMAIL.COM',1,'5','Ldcyx1XbeD','noAplicada','2018-02-26 13:22:45.647695','Confirmado'),
  (74,11,'Jaly','Contreras','1996-09-26','jaly871@gmail.com',11,'6','zSMKAZT3Pt','noAplicada','2018-02-26 14:42:25.507070','Confirmado'),
  (75,2,'Patricia','Silva Banda','0000-00-00','patricia.silva@uaq.mx',1,'1','yOQCKwXsVI','Aplicada','2018-02-26 15:15:00.289296','Confirmado'),
  (76,1,'Brenda Lizeth','Badillo Castañón','1999-03-19','brendabadilloc364@gmail.com',1,'5','dq41yaRzjB','Aplicada','2018-02-26 17:45:55.507625','Confirmado'),
  (77,15,'Cathia Guadalupe','Guzmán García','2018-05-24','cathia2405@gmail.com',1,'1','vB68gwqOUd','noAplicada','2018-02-26 22:24:43.460750','Confirmado'),
  (78,1,'Jessica Karina','Del Ángel Calva ','1997-06-21','Jdelangel21@alumnos.uaq.mx',1,'5','A9heum1cop','Aplicada','2018-02-27 07:26:42.288875','Confirmado'),
  (79,1,'Juana','Miguel Marcelo','1995-03-08','juanitamm8@hotmail.com',1,'1','QBbLExpXKA','Aplicada','2018-02-27 12:13:07.195125','Confirmado'),
  (81,1,'Nidia Paola','Bautista Sánchez','1998-05-05','sanchezpao0505@gmail.com',1,'5','rZ6lGz2NSO','Aplicada','2018-02-28 07:27:49.132625','Confirmado'),
  (82,1,'Brenda','Hernández Padilla','1998-02-15','brenda_hp98@outlook.com',1,'7','6cxQPuvU1b','Aplicada','2018-02-28 08:33:28.195125','Confirmado'),
  (83,1,'Cynthia Itandehui','Gómez Ramírez','1998-12-01','itandehui01@hotmail.com',1,'4','3yCN8wQjrF','noAplicada','2018-02-28 08:33:56.351375','Confirmado'),
  (84,1,'Paola','Quezada del Río','1998-07-19','paola_qdr@hotmail.com',1,'5','Vyx2hdYXQo','Aplicada','2018-02-28 09:27:57.867000','Confirmado'),
  (85,9,'Milena','Higuera','1978-12-17','yanneth.milena.higuera@ericsson.com',13,'3','tgPndWlQk8','Aplicada','2018-02-28 11:10:05.413875','Confirmado'),
  (86,1,'Abril Alyse','Hernández Trejo','1997-04-26','abrilalysehdeztrejo@gmail.com',6,'5','A6QxJV5kb8','Aplicada','2018-02-28 18:22:07.148250','Confirmado'),
  (87,1,'Jessica','Dionicio Martínez','1996-12-07','jessica.diom@hotmail.com',1,'5','OkQRhH29tN','Aplicada','2018-02-28 19:26:08.195125','Confirmado'),
  (88,10,'Andrea','Hernández González','1991-07-27','serviciosocial@uaq.edu.mx',1,'4','pYd2N6tjly','Aplicada','2018-03-01 10:56:10.632625','Confirmado'),
  (89,2,'Clara Elizabeh','Torres García','1990-09-30','elic127@hotmail.com',1,'5','Px02VSknbe','noAplicada','2018-03-01 11:49:41.148250','Confirmado'),
  (90,2,'Edith','Olivo García ','1994-10-07','eolivog@icloud.com',1,'5','Tkf8wsaqbW','Aplicada','2018-03-01 11:51:55.367000','Confirmado'),
  (91,1,'Ana Belén','Bautista Mejía','0000-00-00','abelenbme@gmail.com',1,'5','TrbC2N36np','Aplicada','2018-03-01 11:54:52.835750','Confirmado'),
  (92,1,'Sandra Valeria','Hernández Ramírez','2000-01-26','sanvalhr@gmail.com',1,'1','H4ExhfBiCk','Aplicada','2018-03-01 12:54:17.726375','Confirmado'),
  (93,2,'Verónica Acerina','González Beltrán','0000-00-00','Bellabel2308@hotmail.com',1,'5','yIio65J3Vn','Aplicada','2018-03-01 13:19:50.163875','Confirmado'),
  (94,2,'Reyna','Moreno Beltrán','0000-00-00','reyna.morenobeltran@hotmail.com',1,'5','4MAZwLou6e','Aplicada','2018-03-01 13:22:18.679500','Confirmado'),
  (95,2,'Anabel','Palacios','1976-07-06','anabel.palacios@uaq.mx',1,'5','AlIu5dqjfY','Aplicada','2018-03-01 13:22:22.679500','Confirmado'),
  (96,1,'Nayeli Pamela ','Perales Soto ','1998-01-30','naye.ps@outlook.com',1,'5','c7wFDhqQSa','Aplicada','2018-03-01 13:24:12.429500','Confirmado'),
  (97,2,'Sara Irish','Hernández Ham','1971-06-15','sarairish@hotmail.com',1,'5','tzH9I6FRa7','Aplicada','2018-03-01 13:30:54.445125','Confirmado'),
  (98,1,'Janet Adriana','Álvarez Martínez','1999-03-05','adrimar366@gmail.com',4,'5','yl4phHE6iP','noAplicada','2018-03-01 22:27:56.757625','Confirmado'),
  (99,1,'Karina','Caballos','1999-06-02','karinacrivera@outlook.com',4,'5','6JfKazY7Sn','noAplicada','2018-03-01 22:35:14.710750','Confirmado'),
  (100,1,'Shoenstatt Jhoana','Velázquez Sánchez','1999-05-17','jhoanavsanchez@gmail.com',4,'5','Dyd1HOZP8Y','noAplicada','2018-03-01 22:50:18.710750','Confirmado'),
  (101,1,'Yareli','Martínez Hernández','1999-03-17','yarelimzhdz@gmail.com',4,'5','pgQ078dP2A','noAplicada','2018-03-01 22:58:49.788875','Confirmado'),
  (102,1,'Alexby Sareth','Cortés Pérez','1992-10-23','alexby.cortes@gmail.com',1,'5','qfLCHuKtk7','Aplicada','2018-03-02 09:05:24.398250','Confirmado'),
  (103,8,'Ingrid','Rey ','1983-11-25','irey@b-drive.com.mx',13,'3','Gd7JeaZYXi','Aplicada','2018-03-02 11:40:59.585750','Confirmado'),
  (104,11,'Brenda','Juárez Santiago','1975-06-25','brendajuarezs@gmail.com',6,'4','YjErxvIp8f','noAplicada','2018-03-02 13:08:38.132625','Confirmado'),
  (105,1,'Sofía ','Sánchez Balderas ','1998-04-10','sbsofi10@gmail.com',6,'5','FZVB0DtT5K','Aplicada','2018-03-02 15:10:20.851375','Confirmado'),
  (106,1,'Patricia','Ruíz Mejía','1998-08-23','ruizpatty55@gmail.com ',6,'5','UNqCYQz43r','Aplicada','2018-03-02 15:11:21.835750','Confirmado'),
  (107,1,'Rosa Daniela','Ventura Ventura','1998-07-13','rositadanny13ventura@gmail.com',6,'5','OTKsnUr5lE','Aplicada','2018-03-02 15:12:39.054500','Confirmado'),
  (108,1,'Daniela ','Arredondo Barrera ','1997-01-23','arredondodaniela558@gmail.com',3,'5','ULF5e9RWbd','Aplicada','2018-03-02 15:14:00.945125','Confirmado'),
  (109,1,'María Elena','Salinas Ruíz','1998-02-22','elena.salinas2202@gmail.com',3,'5','sMxnF3Q72D','Aplicada','2018-03-02 15:16:54.632625','Confirmado'),
  (110,1,'Mitzi Adriana','Blanco López','1998-06-16','mitziana151621@gmail.com',6,'5','8PrsVLtyeN','Aplicada','2018-03-02 15:19:38.523250','Confirmado'),
  (111,1,'Yazmín','García Alcantara','1996-10-02','yazmingarciaalcantara@outlook.com',6,'5','Ie4Xf18b3n','Aplicada','2018-03-02 15:20:57.976375','Confirmado'),
  (112,1,'María Guadalupe','Mondragón ','1997-12-03','lupith.minoz@gmail.com',6,'5','xUKP1fvq9o','Aplicada','2018-03-02 15:40:40.288875','Confirmado'),
  (113,1,'Anna','Mendoza','1998-03-30','anna_pxndx@hotmail.com',1,'1','76uU1ntXJG','noAplicada','2018-03-02 15:56:51.679500','Confirmado'),
  (114,1,'Anna','Mendoza','1998-03-30','anna_pxndx30@hotmail.com',1,'1','QEgLsyZGuN','Aplicada','2018-03-02 16:01:07.742000','Confirmado'),
  (115,1,'María Berenice ','Mejia González ','1997-11-20','berismejiaglez12@hotmail.com',6,'5','aPTvUVB7Od','Aplicada','2018-03-02 16:31:00.757625','Confirmado'),
  (116,1,'María','Ortiz García','1998-09-19','ortizmari745@gmail.com',1,'5','QOikBbJVrv','Aplicada','2018-03-02 16:31:28.163875','Confirmado'),
  (117,1,'Xochitl ','González Teodoro ','1998-10-06','gonza980610@gmail.com',6,'5','FsIPvhxZEp','Aplicada','2018-03-02 16:55:09.070125','Confirmado'),
  (121,1,'Yanin','Alvarado Terrazas','1996-08-29','yanin.alvaradot@gmail.com',6,'5','ibOY0QTAnc','noAplicada','2018-03-02 17:43:30.351375','Confirmado'),
  (122,2,'Karina','Gutiérrez Fragoso','0000-00-00','kgutierrez@itesa.edu.mx',14,'4','5xGsod0YyU','noAplicada','2018-03-02 18:26:46.710750','Confirmado'),
  (123,1,'Paola','Hernández Ruíz','1999-08-11','hdezruiz99@gmail.com',4,'5','5pNRFB8qVa','noAplicada','2018-03-02 19:25:01.913875','Confirmado'),
  (124,1,'Sandra Karen','Reyes Rodríguez','1996-11-02','tprogbm.sandra.reyes@hotmail.com',2,'4','HSQ6T8zoql','noAplicada','2018-03-02 22:11:02.367000','Confirmado'),
  (125,1,'Maricruz','Silva Hernández','1996-03-19','mary19mmm@gmail.com',6,'5','X8O3uvdMbZ','Aplicada','2018-03-03 00:35:21.304500','Confirmado'),
  (126,1,'Luz del Carmen','Carbajal Pérez','1998-07-13','carmen.lccp@gmail.com',1,'4','EhYZm82DaB','Aplicada','2018-03-03 09:10:21.648250','Confirmado'),
  (127,1,'Beatriz','Balleza Bustamante ','1999-05-29','beatrizballeza123@gmail.com ',1,'1','GC9OUselz2','noAplicada','2018-03-03 16:38:29.351375','Confirmado'),
  (128,1,'Arantza','Cadena Valencia','1998-01-13','arantzacava@gmail.com',1,'1','JrfG2vskcz','noAplicada','2018-03-04 21:45:27.833625','Confirmado'),
  (129,1,'Emily Georgina','Cervantes Ramírez','1998-05-25','Emilygeorginacervantes@gmail.com',1,'5','STMhDQ6Xkj','Aplicada','2018-03-04 23:13:44.193000','Confirmado'),
  (130,2,'Martha Luz ','Álvarez Manilla Orendain ','0000-00-00','mlmanillaorendain@hotmail.com ',1,'5','NJPxktdp7e','Aplicada','2018-03-05 08:55:46.489875','Confirmado'),
  (131,1,'Karla Alejandra ','Trejo Guerrero ','1999-03-14','Aletrejo03@yahoo.com ',1,'5','q9U5YoWw2M','Aplicada','2018-03-05 09:21:59.630500','Confirmado'),
  (132,1,'Lizeth Ailet','Mendoza Trejo','1997-01-05','lizethailet@gmail.com',1,'1','fUXZ9hGHr8','Aplicada','2018-03-05 09:24:15.849250','Confirmado'),
  (133,2,'Verónica','López Martínez','1994-08-26','verolopezma@hotmail.com',1,'5','KMcOfkCv5P','Aplicada','2018-03-05 09:29:04.005500','Confirmado'),
  (134,1,'Karen Arlette','Jaime Ledezma','1996-11-19','arlet961119@gmail.com',1,'5','0YoXjgsmK4','Aplicada','2018-03-05 09:40:38.021125','Confirmado'),
  (135,1,'Diana Janeth','González  González','1995-03-27','djivana95@gmail.com',1,'5','j3Nsmnr4kh','Aplicada','2018-03-05 09:41:51.755500','Confirmado'),
  (136,1,'María  Sandra','Camargo  Barrios','1993-06-21','mzkmargo@gmail.com',1,'5','aCt5k3rbes','Aplicada','2018-03-05 09:43:36.646125','Confirmado'),
  (137,1,'Margarita Elizabeth','Acosta Chávez','1996-05-29','eliizabeth_1996@hotmail.com',1,'5','rmvtX4lgwW','Aplicada','2018-03-05 09:45:23.130500','Confirmado'),
  (138,2,'Anna Erika','Rodríguez Aguilera','1980-10-10','anna@uaq.mx',1,'5','e41OLHVDga','Aplicada','2018-03-05 09:45:29.021125','Confirmado'),
  (139,2,'Elieth','Velázquez','1974-06-05','elieth.velazquez@uaq.mx',1,'1','W8Zs7trXkh','Aplicada','2018-03-05 09:48:51.427375','Confirmado'),
  (140,1,'Xochitl','Ponce Utrilla','0000-00-00','xochitlup@outlook.com',1,'5','qyRKWnSrEe','Aplicada','2018-03-05 09:50:25.458625','Confirmado'),
  (141,1,'Frida Sofía','Díaz Jiménez','0000-00-00','diaz.sofia39@yahoo.com.mx',1,'1','p02knxsy3J','Aplicada','2018-03-05 09:51:26.114875','Confirmado'),
  (142,1,'Gabriela Carmina','Yáñez Rodríguez','0000-00-00','carmy.yr@gmail.com',1,'5','8gmKy9oSG4','Aplicada','2018-03-05 09:51:38.818000','Confirmado'),
  (143,1,'Anayeli','Guerrero Romero','0000-00-00','Anayeli_44@hotmail.com',1,'5','YsrgVcbKRx','Aplicada','2018-03-05 09:52:28.646125','Confirmado'),
  (144,2,'Dulce Carolina','Sánchez Hernández','1976-03-01','dulce.car.san@uaq.mx',1,'5','oOndYZU9mj','Aplicada','2018-03-05 09:53:07.880500','Confirmado'),
  (145,1,'Patricia E.','Olivares Roch','0000-00-00','POLIVARES29@ALUMNOS.UAQ.MX',1,'3','DEAGatdfuS','Aplicada','2018-03-05 09:53:52.208625','Confirmado'),
  (146,2,'Ma Teresa','García Ramírez','1064-12-09','teregar@uaq.mx',1,'5','vYOek0Jamz','Aplicada','2018-03-05 09:56:04.802375','Confirmado'),
  (147,1,'Daniela Lizeth','Sánchez Martínez','1997-10-27','daniela.smartinez@hotmail.com',1,'5','ajmc6DxvfF','Aplicada','2018-03-05 09:59:38.802375','Confirmado'),
  (148,1,'Estrella','Regules Alemán','0000-00-00','ESTRELLA467@GMAIL.COM',1,'1','0AJb6REgou','Aplicada','2018-03-05 10:00:24.583625','Confirmado'),
  (149,1,'Io Judith','Hid Coronel','0000-00-00','iohc571@gmail.com',1,'1','goWNTRG1fu','noAplicada','2018-03-05 10:01:23.693000','Confirmado'),
  (150,1,'Viviana','González Mendoza','1994-03-30','vivianagm9403@gmail.com',1,'5','0Jrj8PDLw7','Aplicada','2018-03-05 10:02:03.880500','Confirmado'),
  (151,1,'Luz Valeria','López Ramírez','0000-00-00','va.lozra@hotmail.com',1,'1','dVWRBv1H0j','Aplicada','2018-03-05 10:05:03.271125','Confirmado'),
  (152,1,'María Fernanda','Jaramillo Montoya','1997-01-18','feer.jm18@gmail.com',1,'5','3ZUG8t6FK1','Aplicada','2018-03-05 10:06:15.943000','Confirmado'),
  (153,1,'Rosalva','Mata García','1991-08-07','chio199108@hotmail.com',1,'5','NRdjulmE1n','noAplicada','2018-03-05 10:07:22.896125','Confirmado'),
  (154,1,'Nadia Mariel','Beltrán Coronel','1999-01-02','nadiabeltran99@gmail.com',1,'5','Cf2JkcYwZi','Aplicada','2018-03-05 10:11:45.489875','Confirmado'),
  (155,2,'Sofía Amadis ','Rivera López','1994-11-09','sofia.rivera.lopez@outlook.com',1,'5','O3mC9rhXGz','noAplicada','2018-03-05 10:31:36.927375','Confirmado'),
  (157,1,'Raquel','Mondragón Huerta','1994-05-28','raquel.monhue@gmail.com',1,'1','hScHTvg390','Aplicada','2018-03-05 10:41:51.411750','Confirmado'),
  (158,2,'Sandra Patricia','Arreguín Rico','0000-00-00','sandra.arreguin@uaq.mx',1,'5','xG2Tyfu6IO','Aplicada','2018-03-05 10:42:02.427375','Confirmado'),
  (159,1,'Katia ','Santa María Canchola ','1995-12-06','katia-smc@hotmail.com',1,'4','QXHTSPqxK9','Aplicada','2018-03-05 11:42:32.818000','Confirmado'),
  (160,1,'Rut','Medina Sancininea','0000-00-00','tuti.sancininea@gmail.com',1,'5','AW7qLQ5eTf','Aplicada','2018-03-05 11:43:38.911750','Confirmado'),
  (161,2,'Flor G. Magalhy','Zavala Ponce','0000-00-00','flor.magalhy.zavala@uaq.mx',1,'5','8Rsr2INHco','Aplicada','2018-03-05 11:48:22.146125','Confirmado'),
  (162,1,'Abigaíl','Reséndiz Montes de Oca','1996-04-05','abigaga05@hotmail.com',1,'5','Ui9NZQHYgh','Aplicada','2018-03-05 11:51:08.239875','Confirmado'),
  (163,1,'Luz María','Hernández Aguirre','0000-00-00','mariadelaluz.aguirre@gmail.com',1,'1','ESNHxZnT7P','noAplicada','2018-03-05 11:53:15.943000','Confirmado'),
  (164,1,'Angela Sofía ','Luna Aranda','1995-10-23','soff.lunara@gmail.com',1,'6','RJi2abgtHC','noAplicada','2018-03-05 12:04:00.224250','Confirmado'),
  (165,1,'María Stefany','Porras Castillo','1994-04-14','mars.poc@gmail.com',1,'1','Uzx9uH1l8c','Aplicada','2018-03-05 12:07:06.036750','Confirmado'),
  (166,2,'Teresa','Guzmán Flores','1961-06-29','teresa6106@gmail.com',1,'5','JDWP615yGF','Aplicada','2018-03-05 12:11:04.146125','Confirmado'),
  (167,1,'Carla Ivette','Ramírez Mandujano','1997-03-13','carlamandujanonwn@gmail.com',1,'5','OnIBX947A8','Aplicada','2018-03-05 12:16:14.880500','Confirmado'),
  (168,2,'Erika','del Río Magaña','0000-00-00','erika.delrio@uaq.mx',1,'5','cFbhmVvrEN','Aplicada','2018-03-05 12:20:52.271125','Confirmado'),
  (169,2,'Elisa','Morales Portillo','1990-01-01','emorales@uaq.mx',1,'5','28T61Pcnkr','Aplicada','2018-03-05 13:12:50.427375','Confirmado'),
  (170,1,'Brenda Angélica','Rodríguez Estrada','1998-06-23','bren_ang5@outlook.com',1,'4','EZ6agWnvXt','noAplicada','2018-03-05 13:16:38.036750','Confirmado'),
  (171,8,'Astrid','Porras Arias','1993-07-02','astrid_arias_@hotmail.com',6,'1','wT9sUPcxX7','noAplicada','2018-03-05 13:21:12.114875','Confirmado'),
  (172,2,'Dora Lilia ','López Angeles','1977-06-10','dllopeza@utsjr.edu.mx',6,'3','M5e8RGiwDV','Aplicada','2018-03-05 14:07:46.755500','Confirmado'),
  (173,1,'Laura Daniela','Tinoco González','1998-01-19','danielatinocog@gmail.com',6,'5','oiNFu5a9zR','Aplicada','2018-03-05 14:18:49.068000','Confirmado'),
  (174,1,'Erika Jazmín','Olvera Miranda','1996-08-18','jazmin_olvera24@hotmail.com',1,'5','kwWz05vHmB','Aplicada','2018-03-05 14:25:06.021125','Confirmado'),
  (175,1,'Karina','Rivera Sánchez','1997-10-01','karyrivera19@gmail.com',10,'5','uXEANFf4i0','Aplicada','2018-03-05 15:05:44.849250','Confirmado'),
  (176,1,'Saira Anahí','Olvera Rivera ','1999-01-10','saira.anahi@gmail.com',6,'5','mV7YJc0PTK','noAplicada','2018-03-05 15:56:15.849250','Confirmado'),
  (177,1,'Berenice','Cardoso Falcón','1996-11-14','berenicecf1996@gmail.com',6,'5','1tCLseSWdR','Aplicada','2018-03-05 16:10:11.161750','Confirmado'),
  (178,10,'Viviana Michell','Campbell Rodríguez','1994-08-11','campbellviviana@hotmail.com',1,'1','EjlFyGO4q9','Aplicada','2018-03-05 16:16:38.161750','Confirmado'),
  (179,1,'María Isabel','Sixtos Casas','1997-08-16','sixtos860@gmail.com',6,'5','mMiD71LYh6','Aplicada','2018-03-05 16:48:48.958625','Confirmado'),
  (180,1,'Apolonia','Hernández Aguirre','1999-02-15','apoaguirre18@gmail.com',1,'1','JXUOZN0zH9','Aplicada','2018-03-05 16:50:33.693000','Confirmado'),
  (181,1,'Alma Gloria','Miranda Piña','1999-04-15','almagloriamiranda@gmail.com',6,'5','v4mO9AlNGW','Aplicada','2018-03-05 16:56:25.927375','Confirmado'),
  (182,1,'Liliana Amayrani','Miranda Miranda','1995-10-17','lilianamayranimiranda@gmail.com',6,'5','BdFQZb6rvA','Aplicada','2018-03-05 16:58:51.958625','Confirmado'),
  (183,1,'Ana Areli','Ramírez Olvera ','1999-07-20','areli.ramirez.olvera@gmail.com',10,'5','daPuvQDEoG','Aplicada','2018-03-05 17:21:19.146125','Confirmado'),
  (184,1,'Ana Edith ','Trejo Chávez','1999-02-12','edith.trejo.chavez@gmail.com',10,'5','uP3fnCrs1K','Aplicada','2018-03-05 17:26:00.911750','Confirmado'),
  (185,1,'Vania','Jiménez Cienega ','1998-10-12','jimenezvania2@gmail.com',10,'5','jCMx6VTOrD','noAplicada','2018-03-05 17:41:52.302375','Confirmado'),
  (186,1,'Mayte Abigaíl','González González','1999-08-10','mayytesmssms@gmail.com',10,'5','Vp7BEo3L6q','Aplicada','2018-03-05 17:44:43.083625','Confirmado'),
  (187,1,'Verónica Patricia','Hernández Mejía','1995-09-16','Patyy1925@gmail.com',6,'5','N23sxr9cCu','Aplicada','2018-03-05 17:53:46.208625','Confirmado'),
  (188,1,'Brenda Guadalupe','Martínez Moran','1999-05-14','brenda16mtzm@gmail.com',10,'5','KmLPd1oR4F','Aplicada','2018-03-05 17:58:16.396125','Confirmado'),
  (189,1,'Azucena','Cano Cano','1999-12-08','asu08_@hotmail.com',1,'5','WvcQnRlFZT','Aplicada','2018-03-05 18:40:02.818000','Confirmado'),
  (191,3,'Guadalupe ','Rojas Vaca','1973-04-06','grojas@isban.mx ',13,'2','d2LmNStWAo','noAplicada','2018-03-05 18:58:36.724250','Confirmado'),
  (193,1,'Denis Elizabeth','Mondragón Pérez','1998-03-11','denisperez1817@gmail.com',10,'5','W4o1tCp3jX','Aplicada','2018-03-05 19:23:56.521125','Confirmado'),
  (194,1,'Giselle Andrea','Álvarez Pérez ','1997-07-18','muff.anddy@hotmail.com',10,'5','7Hti6sld5q','Aplicada','2018-03-05 19:36:19.222296','Confirmado'),
  (196,1,'Urith Nereida','Ramírez Mera','2078-05-07','urith.ramirez@uaq.mx',1,'4','VmtSR1UxSn','noAplicada','2018-03-05 20:13:09.075812','Confirmado'),
  (197,15,'Arisbeth','Morales Domínguez','1990-10-18','modarrisbette@gmail.com',1,'1','TWpJME5USX','noAplicada','2018-03-05 20:45:22.903937','Confirmado'),
  (198,1,'Paola Johana ','Ibarra Ramos ','1999-10-16','paolajibarra@gmail.com',10,'5','TXpJeE1qRT','Aplicada','2018-03-05 21:01:32.872687','Confirmado'),
  (199,11,'Diana Margarita','Cordova Esparza ','2018-02-22','diana.cordova@uaq.mx',1,'5','MzI4MjE1MT','Aplicada','2018-03-05 21:08:32.403937','Confirmado'),
  (200,1,'Mariana itzel ','Espinosa Sánchez ','1997-08-04','Richi1234@gmail.com',10,'5','VkZod2JtVn','noAplicada','2018-03-05 21:31:38.419562','Confirmado'),
  (201,1,'Jessica Nayeli ','Perea Gutiérrez','1998-05-23','jessicanpg2305@gmail.com',6,'5','VGxSQmVrNV','Aplicada','2018-03-05 23:35:50.935187','Confirmado'),
  (202,9,'Ángeles ','Duarte Guillén ','1976-05-15','duarteangy@gmail.com',14,'6','TWpZeE16QT','noAplicada','2018-03-06 00:13:26.888312','Confirmado'),
  (203,1,'Abril Angélica ','Hernández Hernández ','1997-04-01','avrilahernandez299@gmail.com',6,'5','Vm0weE1HRX','Aplicada','2018-03-06 06:19:56.294562','Confirmado'),
  (204,1,'Diana Estephanie','González Pérez','1995-06-09','dianaegonzalezperez@gmail.com',6,'5','T0RReU56WX','Aplicada','2018-03-06 07:42:08.497687','Confirmado'),
  (205,1,'Diana Laura','Galván Peralta','1995-12-17','dianitalaugalvan@gmail.com',6,'5','TVRNeU9Eaz','noAplicada','2018-03-06 09:28:13.388312','Confirmado'),
  (206,1,'Mariana Itzel','Espinosa Sánchez','1997-08-04','marianaexodoespino0497@gmail.com',10,'5','Vm0xMGEwMU','noAplicada','2018-03-06 09:40:46.528937','Confirmado'),
  (207,1,'Ivonne Guadalupe ','Rubio Torres','0000-00-00','Ivonne.10rubio@hotmail.com',1,'5','Vm0weE1GbF','Aplicada','2018-03-06 10:11:01.903937','Confirmado'),
  (208,1,'Sharon Oasis','Santana Sánchez','0000-00-00','sos.sharon@hotmail.com',1,'5','VmtkNFUxSn','noAplicada','2018-03-06 10:19:05.357062','Confirmado'),
  (209,1,'Andrea Cecilia','López González','1998-11-22','lopezgonzalezandi@gmail.com',1,'5','Vmtab2QySn','Aplicada','2018-03-06 11:23:38.622687','Confirmado'),
  (210,1,'Iracema','Alvarado Vázquez','1996-11-03','iracemaalvarado3@gmail.com',6,'5','VkZWU1VtVl','Aplicada','2018-03-06 11:42:00.232062','Confirmado'),
  (211,1,'Vania','Herrera Mejía','1997-10-17','vania.herrera@my.uvm.edu.mx',9,'5','TWpVME9URX','noAplicada','2018-03-06 11:49:25.888312','Confirmado'),
  (212,1,'Itsamaray','Zorrilla Andrade','1984-09-16','itsamarayza@gmail.com',14,'1','ODgxMjYyMz','noAplicada','2018-03-06 12:08:08.372687','Confirmado'),
  (213,10,'María del Carmen','López Figueroa Hernández','1984-01-11','marik.11@gmail.com',1,'7','Vmtab2QySn','noAplicada','2018-03-06 12:46:38.622687','Confirmado'),
  (215,1,'Daphne Annel','Cortéz Cruz','1998-03-03','dc81263@gmail.com',6,'5','TlRJeU5URX','Aplicada','2018-03-06 13:25:52.200812','Confirmado'),
  (216,1,'Jessica','Toribio Vásquez','1998-04-10','jessicatoribiovasquez@gmail.com',6,'5','Vm10a05GVX','Aplicada','2018-03-06 13:30:57.497687','Confirmado'),
  (217,1,'María Miriam ','Hernández Olvera','1998-11-19','miriamhernandezolvera191198@gmail.com',6,'5','VGxSVmVrMT','Aplicada','2018-03-06 13:33:55.153937','Confirmado'),
  (218,1,'Jennifer ','Trejo De La Peña','1998-11-09','Jeytrejop@outlook.es',1,'5','VGtSQk1VMU','Aplicada','2018-03-06 14:50:40.763312','Confirmado'),
  (219,1,'Zayra Janeth','Hernández Martínez','1999-01-30','samusclaire14@gmail.com',1,'5','TWpjeU1UWT','Aplicada','2018-03-06 16:02:27.903937','Confirmado'),
  (220,1,'Saira Anahí','Olvera Rivera ','1999-01-10','saira.anahi99@gmail.com',6,'5','Vm10a01GVX','Aplicada','2018-03-06 16:29:04.294562','Confirmado'),
  (221,1,'María Eugenia','Cruz Muñoz','1970-08-16','marucruzm@gmail.com',14,'1','Vm10YVlWVX','noAplicada','2018-03-06 17:13:18.825812','Confirmado'),
  (222,8,'Guadalupe Elvira','Mena Salazar','1972-08-28','gmena345@gmail.com',11,'1','MjcyMTg2Mj','noAplicada','2018-03-06 18:02:27.591437','Confirmado'),
  (223,2,'María Teresa','Sierra Rosiles','1971-11-17','Tsierra71@hotmail.com',1,'4','Vm10YVlWVX','noAplicada','2018-03-06 18:19:13.794562','Confirmado'),
  (224,10,'Angélica','Murueta Muñoz','2018-03-05','angelica_murueta@hotmail.com',1,'5','Vm10YWEyUX','Aplicada','2018-03-06 19:01:28.497687','Confirmado'),
  (225,8,'Dafne','Medellín','1987-09-23','dafne.medellin@gmail.com',1,'1','Vm10YWEyUX','Aplicada','2018-03-06 19:46:25.836554','Confirmado'),
  (226,1,'María Guadalupe','Rosales Guerrero','1998-07-22','lupitarosales233@gmail.com',6,'5','Vm0weE1GbF','Aplicada','2018-03-06 21:13:27.258429','Confirmado'),
  (227,1,'Jacqueline ','Ontiveros Romero','1998-04-01','yake01049804@gmail.com',6,'5','Vm0weE1GbF','noAplicada','2018-03-06 21:49:38.055304','Confirmado'),
  (228,1,'Mayra Fernanda','Luviano Macedo','1993-10-02','Maferluv10@gmail.com',1,'5','MDUxMjE2Mj','Aplicada','2018-03-06 21:51:00.711554','Confirmado'),
  (229,1,'Linda Noemí','Carmen','1996-05-20','lnoemi_carmen@hotmail.com',1,'5','TWpnek1UZz','Aplicada','2018-03-07 08:31:28.274054','Confirmado'),
  (230,1,'Miguelina','Cruz López','1997-09-29','miguelinacruz24@gmail.com',6,'5','VkZaU1JtVn','Aplicada','2018-03-07 08:33:11.180304','Confirmado'),
  (231,10,'Janet Elidhe','Cano Salto','1980-05-09','janet.cano@kellogg.com',1,'4','Vm0xMFlXRX','noAplicada','2018-03-07 10:51:24.352179','Confirmado'),
  (232,1,'Yara Melisa ','Mendoza Ávila ','1996-06-09','mel.avila0906@gmail.com',4,'3','VmtaYVUxUn','Aplicada','2018-03-07 11:33:01.461554','Confirmado'),
  (233,8,'Silvana','Feregrino Montes','1990-04-18','silvana.feregrino@kellogg.com',13,'7','Vm0xMFlXRX','noAplicada','2018-03-07 11:46:20.977179','Confirmado'),
  (234,8,'Aida','Lozano Gómez','0000-00-00','aida.lozano@kellogg.com',13,'7','Vm0weE1GbF','noAplicada','2018-03-07 12:35:03.789679','Confirmado'),
  (235,8,'Laura Gabriela','Villafranco','0000-00-00','gabriela.villafranco@kellogg.com',13,'7','NTM1MTI3Mz','noAplicada','2018-03-07 12:35:05.633429','Confirmado'),
  (236,2,'Victoria Emilia','Herrera Rosas','1956-12-23','vikyhr@hotmail.com',1,'5','VmtaV1UxWn','Aplicada','2018-03-07 13:05:00.602179','Confirmado'),
  (237,1,'Ximena','Camcho ','1995-08-08','ximenacamchoguzman@gmail.com',6,'7','Vkd0U1VtVl','Aplicada','2018-03-07 13:26:44.180304','Confirmado'),
  (238,15,'María Guadalupe','Rodríguez Sandoval','0000-00-00','guadalupe.rodriguez@kellogg.com',1,'1','VkZod2FtVk','noAplicada','2018-03-07 14:10:37.305304','Confirmado'),
  (240,9,'Enid Danaee','Rocha López','1972-03-03','DANAEE.ROCHA@KELLOGG.COM',13,'7','VmtaYVUxUn','noAplicada','2018-03-07 15:08:13.070929','Confirmado'),
  (241,15,'Sofía','Aguilar Carlon','1971-09-11','soagcarlon@hotmail.com',13,'6','TWpnMU56RT','Aplicada','2018-03-07 17:57:28.399054','Confirmado'),
  (242,1,'Eivette ','Hernández Barcenas ','1996-12-30','eivettehernandezbarcenas@gmail.com',6,'5','Vm0weE1GbF','Aplicada','2018-03-07 22:28:20.305304','Confirmado'),
  (243,1,'María Guadalupe ','Huerta Reséndiz ','1998-09-16','huertalupita89@gmail.com',4,'5','Vm0weE1HRX','Aplicada','2018-03-08 06:21:53.039679','Confirmado'),
  (244,1,'María Fernanda ','Hernández Puga','1998-10-13','jillycliiry.17de01@gmail.com',1,'5','Vm0xMFUxSX','Aplicada','2018-03-08 08:09:09.070929','Confirmado'),
  (245,1,'Alejandra Irais','Hernández González ','1998-12-28','ale.irais@hotmail.com',1,'1','Vm0xMFlWbF','noAplicada','2018-03-08 10:18:15.586554','Confirmado'),
  (246,3,'Martha Patricia','Araiza Villela','0000-00-00','patricia.araiza@semplice.com.mx',13,'4','Vm10YVlWVX','noAplicada','2018-03-08 11:12:01.492804','Confirmado'),
  (247,1,'Arisbeth','Ledesma Garfias','1996-03-31','arisbeth62@gmail.com',6,'5','TlRBME5qRX','Aplicada','2018-03-08 13:46:50.656867','Confirmado'),
  (248,14,'Liz','Mundo','2018-07-20','Liz.mundo@tas-screenit.com',13,'4','Vm10YWEyUX','noAplicada','2018-03-08 14:49:02.850226','Confirmado'),
  (249,8,'Paola Andrea','Torres Cortés','1992-02-10','paola@nopalcreativa.com',1,'4','VGtSRk1FMV','Aplicada','2018-03-08 18:04:41.787726','Confirmado'),
  (250,6,'Verónica','Lievana','1969-11-25','Veronica.lievana5@gmail.com',17,'6','wd2VFMUdiRmhT','Aplicada','2018-03-08 20:36:27.337531','Confirmado'),
  (251,15,'Erika','Cervantes Pérez','2018-05-07','generoyperiodismo@gmail.com',17,'7','0U1NtVlZOVlZU','Aplicada','2018-03-08 21:25:42.775031','Confirmado'),
  (252,13,'Elisa','Isassi Granados','2018-09-13','isassi_15@hotmail.com',1,'1','wak1VNTZTWGxQ','noAplicada','2018-03-08 22:57:27.900031','Confirmado'),
  (253,3,'Guadalupe ','Rojas Vaca','1973-04-06','grojas@isban.mx',16,'2','wd2VFMUhSWGRP','noAplicada','2018-03-09 07:38:58.853156','Confirmado'),
  (254,8,'Daniela','Pérez Arreguín','2018-08-13','daniela.arreguinp@gmail.com',16,'4','wQmVrNTZaelZP','Aplicada','2018-03-09 08:37:20.071906','Confirmado'),
  (255,8,'Lucero Mescli','Hernández Cedillo','1993-12-09','luc@comunidad.unam.mx',17,'5','wd2QyVkZNVWhT','noAplicada','2018-03-09 10:35:53.759406','Confirmado'),
  (257,1,'María Fernanda','Barrón Olguín ','1998-03-13','mfbo1331@gmail.com',17,'6','kd2FrMUZOWEZU','Aplicada','2018-03-09 21:46:27.734015','Confirmado'),
  (258,15,'Yared','González González','2000-09-27','yaredglez_2000@hotmail.com',1,'5','wd2VFMUdiRmhU','Aplicada','2018-03-09 23:51:37.228156','Confirmado'),
  (259,1,'Blanca Estela','Baltazar Guzmán','1993-07-28','blanca_blood@hotmail.com',1,'5','wd2VFMUdiRmRp','Aplicada','2018-03-10 16:24:00.788703','Confirmado'),
  (260,1,'Laura Aurelia ','Leyva','1999-10-31','laura.leyva.morales@gmail.com',1,'7','xMFlXSXlVWGhV','Aplicada','2018-03-10 22:53:32.890265','Confirmado'),
  (261,1,'Aura','Solís Rosas','0000-00-00','aura.sora@hotmail.com',1,'5','Jd01UTXhNVEF6','noAplicada','2018-03-11 13:00:32.713101','Confirmado'),
  (262,15,'Gisela','Ángeles Villanueva','1982-01-08','gisela.villanueva@tas-Screenit.com',16,'1','weE1HRXdOVWRX','noAplicada','2018-03-11 13:09:51.818570','Confirmado'),
  (263,1,'Liliana','Pérez Ramos','1994-06-24','miku_lpr@hotmail.com',6,'5','wd2VFMUhSWGRP','Aplicada','2018-03-11 14:16:58.881070','Confirmado'),
  (264,1,'Shaila','Álvarez Junco','1980-01-09','Shailalvarez@yahoo.com',1,'1','0MzE2MTEwMzIw','Aplicada','2018-03-11 16:43:36.638882','Confirmado'),
  (265,1,'Sandra Nayeli','Martínez Páramo','1988-05-02','sandra.paramo@hotmail.com',1,'1','wd2QyVkZNVWRp','noAplicada','2018-03-11 20:55:16.369351','Confirmado'),
  (266,2,'Gabriela ','Xicoténcatl Ramírez','1968-12-31','gabyxico@uaq.mx',1,'5','wd2QyVkZNVWhT','Aplicada','2018-03-11 21:26:41.469937','Confirmado'),
  (267,1,'Elizabeth','Zepeda Fajardo','1997-03-02','zepeda0234@gmail.com',6,'1','Sbk1VNVVTWGhO','noAplicada','2018-03-11 21:55:18.365445','Confirmado'),
  (268,1,'Claudia','Rosas Raya','1991-08-16','claudiarosas16@gmail.com',1,'5','4U2JrMUZNVlZU','Aplicada','2018-03-11 22:41:58.448453','Confirmado'),
  (269,1,'Ana Paola','Carrillo Carrillo','1998-03-03','anapao_car2@hotmail.com',1,'4','FMU1UY3hNakV6','Aplicada','2018-03-12 07:51:11.256070','Confirmado'),
  (270,10,'Suleyma Itzel ','Talonia Martínez','1990-11-12','taloniabs@hotmail.com',1,'5','weE1HRXdNVWRX','noAplicada','2018-03-12 08:43:41.466031','Confirmado'),
  (272,7,'Maribel','Noguez Mondragón','1977-07-16','noguezita@hotmail.com',1,'4','wd2QyVkZNVWRp','Aplicada','2018-03-12 10:31:16.028531','Confirmado'),
  (273,1,'Abril','Montes Pichardo ','1999-05-14','abrilmontes8@gmail.com',6,'5','wd2VFMUdiRmhU','Aplicada','2018-03-12 14:13:31.606656','Confirmado'),
  (274,2,'Denaé ','Ventura Arredondo','1988-12-09','denae.ventura@unaq.edu.mx',17,'5','wd2QyVkZNVWRp','Aplicada','2018-03-12 15:49:12.950406','Confirmado'),
  (275,1,'Sofia','Becerril Díaz','0000-00-00','sofy98b@gmail.com',5,'5','9WgOsx6G8zhjK','Aplicada','2018-03-12 17:51:36.387906','Confirmado'),
  (276,1,'Anayeli','Cruz Elizondo','0000-00-00','anatink_95@hotmail.com',5,'5','W0ECjMF6nq3wK','Aplicada','2018-03-12 18:16:10.637906','Confirmado'),
  (277,1,'María Angelica','Díaz Ordoñez','0000-00-00','mariangelicadiazo@gmail.com',5,'5','6LqoVapQjE2Nf','Aplicada','2018-03-12 18:16:10.669156','Confirmado'),
  (278,1,'Andrea','Hernández Hernández','0000-00-00','somno_hah@hotmail.com',5,'5','AzPwMfC8nZlvQ','Aplicada','2018-03-12 18:16:10.700406','Confirmado'),
  (279,1,'Daniela Guadalupe','Leon González','0000-00-00','danitive95@hotmail.com',5,'5','ySbr804WoCc2i','Aplicada','2018-03-12 18:16:10.731656','Confirmado'),
  (280,1,'Lorena','Martínez Chávez','0000-00-00','loreniuxm@gmail.com',5,'5','Es5XUKTSr3chj','Aplicada','2018-03-12 18:16:10.762906','Confirmado'),
  (281,1,'Patricia Beatriz','Muñoz Pérez','0000-00-00','patriciabeatriz2010@hotmail.com',5,'5','I7GlcfVv9L0oO','Aplicada','2018-03-12 18:16:10.794156','Confirmado'),
  (282,1,'María Belem','Trejo Trenado','0000-00-00','belem.trejo.t@gmail.com',5,'5','5xONrzcfGg18J','Aplicada','2018-03-12 18:16:10.825406','Confirmado'),
  (283,1,'María Del Rosario','Vega Pedraza','0000-00-00','rosariov.p.962015@gmail.com',5,'5','U7IFzmf3kT1N9','Aplicada','2018-03-12 18:16:10.872281','Confirmado'),
  (284,1,'Marlene','Arellano Vega','0000-00-00','alonso.fernandez@utcorregidora.edu.mx',5,'5','g82KWNzO3oiUG','noAplicada','2018-03-12 18:16:10.903531','Confirmado'),
  (285,1,'Sandra Arely','Basurto Tinajero','0000-00-00','arely.basurto12@gmail.com',5,'5','zywIZ9mvTLkDf','Aplicada','2018-03-12 18:16:10.934781','Confirmado'),
  (286,1,'Amayrani Araceli','Herrera Mancilla','0000-00-00','mayraman03@gmail.com',5,'5','X7qH5NYDmBp1j','Aplicada','2018-03-12 18:16:10.966031','Confirmado'),
  (287,1,'Patricia','Lazaro Galvan','0000-00-00','patricialazarogalvan@gmail.com',5,'5','4fNTJF6njXiwp','Aplicada','2018-03-12 18:16:10.997281','Confirmado'),
  (288,1,'Fernanda','López Maqueda','0000-00-00','fernandalopezmaqueda@gmail.com',5,'5','O5cg7RoWn1C8k','Aplicada','2018-03-12 18:16:11.028531','Confirmado'),
  (289,1,'Sonia','Mendoza Noguez','0000-00-00','soniamendoza260@gmail.com',5,'5','lhytg40anH2mo','Aplicada','2018-03-12 18:16:11.059781','Confirmado'),
  (290,1,'Fatima','Nuñez González','0000-00-00','fatimanunez8004@gmail.com',5,'5','OlV2v1JrdGTuD','Aplicada','2018-03-12 18:16:11.091031','Confirmado'),
  (291,1,'Alondra Janeth','Piña Suarez','0000-00-00','alondwoz@gmail.com',5,'5','p1g8clwCtaXem','Aplicada','2018-03-12 18:16:11.137906','Confirmado'),
  (292,1,'Pamela','Cabrera Bedolla','0000-00-00','pamela.cbtis118.1e@gmail.com',5,'5','RUBMZIEeGxY0m','Aplicada','2018-03-12 18:16:11.169156','Confirmado'),
  (293,1,'Paola','García Martínez','0000-00-00','PPAAOO_GM@hotmail.com',5,'5','mKndx95Yi0wXy','Aplicada','2018-03-12 18:16:11.200406','Confirmado'),
  (294,1,'Ana Daniela','Martínez González','0000-00-00','dannisonestuff@gmail.com',5,'5','rHuCeS1YIETJz','Aplicada','2018-03-12 18:16:11.231656','Confirmado'),
  (295,1,'Lizetth','Sosa Mayorga','0000-00-00','galleta_liz01@hotmail.com',5,'5','WvtqGVTpakLn3','Aplicada','2018-03-12 18:16:11.262906','Confirmado'),
  (296,1,'Alma Noemi','Tinajero García','0000-00-00','almatg99@gmail.com',5,'5','IfPv5ObZSGyFT','Aplicada','2018-03-12 18:16:11.294156','Confirmado'),
  (297,1,'Ana María','Torres Saavedra','0000-00-00','maritorressaav@gmail.com',5,'5','YHq45srehzKvS','Aplicada','2018-03-12 18:16:11.325406','Confirmado'),
  (298,1,'Blanca Itzel','Trenado Espino','0000-00-00','blancaitzeltrenado@gmail.com',5,'5','WQ3iejz91hgJw','Aplicada','2018-03-12 18:16:11.356656','Confirmado'),
  (299,1,'Soledad','Becerril Basurto','0000-00-00','solbecbas@gmail.com',5,'5','Q1Gr7H3mlATER','Aplicada','2018-03-12 18:16:11.403531','Confirmado'),
  (300,1,'María Fernanda','Del Castillo Gómez','0000-00-00','mafer_delcastillo@outlook.com',5,'5','0WYknOpfRiuTx','Aplicada','2018-03-12 18:16:11.434781','Confirmado'),
  (301,1,'Lisset Sthepany','Jaimez Chávez','0000-00-00','lisset.jaimez98@gmail.com',5,'5','JdjKrAt0UmLax','Aplicada','2018-03-12 18:16:11.466031','Confirmado'),
  (302,1,'Arlette','Martínez García','0000-00-00','imnothuman95@gmail.com',5,'5','2P6f9tB4LhXqN','Aplicada','2018-03-12 18:16:11.497281','Confirmado'),
  (303,1,'Sandra Yesenia','Ordoñez Ramírez','0000-00-00','sandra.yesenia.or@gmail.com',5,'5','vpPKuw4VFjZdh','Aplicada','2018-03-12 18:16:11.528531','Confirmado'),
  (304,1,'Ivon','Ugalde Zamudio','0000-00-00','ivonugaldemarquez@gmail.com',5,'5','51rLYdIvsFfbP','Aplicada','2018-03-12 18:16:11.559781','Confirmado'),
  (305,1,'Verenice Sarai','Arellano Chávez','0000-00-00','verenice_sarai23@hotmail.com',5,'5','BoFtDXJiUbwWV','Aplicada','2018-03-12 18:16:11.591031','Confirmado'),
  (306,1,'Ma. Guadalupe','Basurto Tinajero','0000-00-00','luphithabasurto@gmail.com',5,'5','EwfoeRm6IckqT','Aplicada','2018-03-12 18:16:11.622281','Confirmado'),
  (307,1,'Sandra','Castillo Martínez','0000-00-00','sandy.castillo3003@gmail.com',5,'5','Tlb20tF8kYsI3','Aplicada','2018-03-12 18:16:11.669156','Confirmado'),
  (308,1,'Brenda Leticia','Contreras Beltran','0000-00-00','breenda.cb@gmail.com',5,'5','Fnr3TWJwSQhvB','Aplicada','2018-03-12 18:16:11.700406','Confirmado'),
  (309,1,'Sandra','García Mandujano','0000-00-00','alonso.fernandez@utcorregidora.edu.mx',5,'5','1Yx8Js3WUoypX','noAplicada','2018-03-12 18:16:11.731656','Confirmado'),
  (310,1,'Andrea','Pérez González','0000-00-00','andreaperezgonzalez1997@gmail.com',5,'5','VcMFUPLBAa4JQ','Aplicada','2018-03-12 18:16:11.762906','Confirmado'),
  (311,2,'Maribel','Leyva Gaxiola','0000-00-00','maribel.leyva@utcorregidora.edu.mx',5,'5','kNaZRd3C0uxLI','Aplicada','2018-03-12 18:16:11.794156','Confirmado'),
  (312,2,'Argelia','Baltazar Olvera','0000-00-00','argelia.baltazar.o@gmail.com',5,'5','Aec4LO7yhjwUV','Aplicada','2018-03-12 18:16:11.825406','Confirmado'),
  (313,2,'Tanya','Martínez Baca Rivera','0000-00-00','tanys6@hotmail.com',5,'5','nLtTp3odJcOY2','Aplicada','2018-03-12 18:16:11.856656','Confirmado'),
  (314,2,'Gabriela','Novelo','0000-00-00','gabriela_novelo13@yahoo.com',5,'5','hB2LPWqcupj6N','Aplicada','2018-03-12 18:16:11.903531','Confirmado'),
  (315,2,'Yadira','Araujo','0000-00-00','yadira.araujo@utcorregidora.edu.mx',5,'5','E74OSGZ1Mjb9g','Aplicada','2018-03-12 18:16:11.934781','Confirmado'),
  (316,3,'Damaris','Landero Gutiérrez','1986-11-07','damaris.landero@sic-mx.com',16,'3','kMFUxTnRWbFpQ','Aplicada','2018-03-12 18:28:42.716031','Confirmado'),
  (317,1,'María del Carmen ','Olvera Montejano','2000-10-10','gachubela10@gmail.com',1,'5','xMGEwMUdWWGhX','Aplicada','2018-03-12 20:08:44.200406','Confirmado'),
  (318,1,'Cintia Arlet','García Reséndiz','1996-12-18','cintia.arlet.garcia@hotmail.com',1,'1','RMU1qSXhNakV6','Aplicada','2018-03-12 22:45:05.387906','Confirmado'),
  (319,1,'Sandra Gabriela','Briceño Muro','1992-06-05','sgbm0592@gmail.com',1,'5','weE1GVXhTWGhX','Aplicada','2018-03-13 07:11:09.778531','Confirmado'),
  (320,4,'Lourdes','Sánchez Guerrero','1957-11-18','lsg@azc.uam.mx',17,'7','wd2QyVkZNVWRp','noAplicada','2018-03-13 07:54:19.544156','Confirmado'),
  (321,15,'Ana Lilia','González Fragoso','1981-08-11','aniei@aniei.org.mx',17,'7','xMFlXSXlVWGhU','noAplicada','2018-03-13 07:55:31.684781','Confirmado'),
  (322,8,'Roxana ','Benítez Abarca','1990-03-04','abark.roxana@gmail.com',16,'4','Rek9Ea3hNekl6','Aplicada','2018-03-13 09:38:44.794156','Confirmado'),
  (323,1,'Daniela','Trejo Saavedra','1995-05-15','dan.saavedra05@gmail.com',1,'1','kd2FrMVZNWEZo','Aplicada','2018-03-13 09:52:27.637906','Confirmado'),
  (324,2,'Ruth Angélica','Rico Hernández','0001-01-01','rico@uaq.mx',1,'5','wd2VFMUdiRmRp','noAplicada','2018-03-13 10:21:01.075406','Confirmado'),
  (325,2,'Norma Patricia','Escamilla Medina','0000-00-00','nescamm@gmail.com',1,'5','weE1GbFhTWGxW','Aplicada','2018-03-13 10:24:33.794156','Confirmado'),
  (326,1,'Fátima Estefanía','Guerrero Martínez','1997-05-15','fanny.guerreromartinez@yahoo.com.mx',1,'5','BeU9ERXdNVE15','Aplicada','2018-03-13 10:28:10.653531','Confirmado'),
  (327,2,'Teresa','Ordaz Guzmán','0000-00-00','mievea@uaq.mx',1,'5','xMGEwMUdWWGhh','noAplicada','2018-03-13 10:34:46.887906','Confirmado'),
  (328,1,'Monica','Medellin Vargas','1997-07-30','medellinvargasmonica@gmail.com',1,'4','wQmVrNTZSWGRO','noAplicada','2018-03-13 10:37:30.669156','Confirmado'),
  (329,1,'Mallinali','Ledesma Vega','1993-08-03','job.ledesma98@gmail.com',1,'6','wd2QyVkZNVWRp','Aplicada','2018-03-13 10:43:17.966031','Confirmado'),
  (330,1,'Juana Lizeth','Sánchez Sánchez','1994-04-14','4479@soyunaq.mx',17,'5','wd2QyVkZNVWRp','Aplicada','2018-03-13 11:15:37.825406','Confirmado'),
  (331,1,'Amayatzin Donají','Sánchez Torres','1995-02-21','4070@soyunaq.mx',17,'5','wd2VFMUhSWGRP','Aplicada','2018-03-13 11:16:54.919156','Confirmado'),
  (332,2,'Olivia','Santana Vázquez','1966-05-15','olivia.santana@unaq.edu.mx',17,'5','wd2QyVkZNVWRp','Aplicada','2018-03-13 11:46:03.708218','Confirmado'),
  (333,2,'Adriana Carolina','Chávez Rodríguez','1988-11-26','adriana.chavez@unaq.edu.mx',17,'5','0ODExMTMyMzIw','Aplicada','2018-03-13 11:48:56.765836','Confirmado'),
  (334,1,'Rocío','Salazar Villeda','1998-01-01','5308@soyunaq.mx',17,'5','wd2VFMUhSWGRP','Aplicada','2018-03-13 11:49:55.729703','Confirmado'),
  (335,1,'Reyna Janet','Duran Galván','1999-01-23','5586@soyunaq.mx',17,'5','jMWQxWnRWbFpO','Aplicada','2018-03-13 11:52:07.409390','Confirmado'),
  (336,6,'Carmen Karina ','Rendon Mancha','1980-07-22','Carmen.rendon@gmail.com',1,'1','0U1RtVnJOVFpT','Aplicada','2018-03-13 13:37:43.990445','Confirmado'),
  (337,1,'Amayrani ','Ruíz Arredondo ','2000-09-28','amayrani.ruiz.789@gmail.com',1,'4','0YVlWVXhaSEpO','noAplicada','2018-03-13 13:47:16.632046','Confirmado'),
  (338,1,'Karla','Flores Viveros','1988-08-03','karlaflov@hotmail.com',1,'1','1MDEzMTMyMzIw','Aplicada','2018-03-13 13:50:41.518765','Confirmado'),
  (339,1,'Adriana','Aguilar Galarza','1986-05-20','adrianaag.ga@gmail.com',1,'1','aU1RrMVZNVlZT','Aplicada','2018-03-13 13:51:13.479703','Confirmado'),
  (340,2,'Rocío Edith','López Martínez','1973-05-24','rocio_edithlopez@hotmail.com',1,'5','xNzE0MTMyMzIw','Aplicada','2018-03-13 14:17:42.591031','Confirmado'),
  (341,15,'Lidia Fabiola ','Valles Cruz','1970-08-02','CONTEMICH@HOTMAIL.COM',17,'7','kMFUxTnRVWGRO','noAplicada','2018-03-13 14:20:04.039273','Confirmado'),
  (342,1,'Sarai','Hernández Nolasco','2001-03-17','hernandezfre@globalhitss.com',17,'1','ScmVVMVVSVEJO','noAplicada','2018-03-13 14:21:59.528531','Confirmado'),
  (343,1,'Karen María de Jesús','Herrera Reséndiz','1996-06-26','karenherrera626@gmail.com',17,'7','wVk1FNXFSVEpO','noAplicada','2018-03-13 16:46:25.579312','Confirmado'),
  (344,3,'Juana Elizabeth','Elton Puente','0000-00-00','Por Confirmar',1,'5','mOrxpd7EklGeW','noAplicada','2018-03-13 16:51:20.366421','Confirmado'),
  (345,2,'Marcela','Ávila Eggleton','0000-00-00','Por Confirmar',1,'5','Uv3efYLE9SNa6','noAplicada','2018-03-13 16:51:20.390836','Confirmado'),
  (346,1,'Judith Valeria','Frías Becerril','0000-00-00','ma.guadalupe.perea@uaq.mx',1,'5','iO6RkUHq5CEXs','noAplicada','2018-03-13 16:51:20.424039','Confirmado'),
  (347,1,'Gisela','Zepeda Sánchez','0000-00-00','ma.guadalupe.perea@uaq.mx',1,'5','MOBoiH2u4Y5Rc','noAplicada','2018-03-13 16:51:20.459195','Confirmado'),
  (348,2,'María Guadalupe','Perea Ortíz','0000-00-00','ma.guadalupe.perea@uaq.mx',1,'5','85D2O9ZylsEoa','noAplicada','2018-03-13 16:51:20.489468','Confirmado'),
  (349,14,'Lourdes','Sánchez Guerrero','1957-11-18','lsg@aniei.org.mx',17,'7','wd2QyVkZNVWRp','noAplicada','2018-03-13 17:50:13.346890','Confirmado'),
  (353,1,'Selene ','Ramírez','1993-03-06','selenerr06@hotmail.com',1,'5','0MzIzMTMyMzIw','Aplicada','2018-03-13 23:43:24.507046','Confirmado'),
  (354,15,'Isabel de Carmen','Castillo Martínez','1988-07-08','casmar8788@gmail.com',16,'3','zNzcxNDMzMjAx','Aplicada','2018-03-14 07:37:58.944546','Confirmado'),
  (355,1,'Sandra','Sánchez Gómez','1996-08-21','sandrasago6@gmail.com',17,'7','weE1GbFdiRmRX','noAplicada','2018-03-14 08:58:12.303921','Confirmado'),
  (356,2,'Rocío Yasmín','Espíndola Pedraza','1975-07-13','licenciadaespindola@gmail.com',1,'5','Sck5VOVVSVEJO','Aplicada','2018-03-14 09:09:59.866421','Confirmado'),
  (357,1,'Leticia','Velarde Araujo','1996-08-19','lety_araujo@outlook.es',17,'7','weE1HRXdOVWRX','noAplicada','2018-03-14 09:24:57.350796','Confirmado'),
  (358,1,'Alondra','Aquino Olvera','1998-12-26','alondra-aquino1@hotmail.com',7,'5','0YVlWVXlUbkpO','Aplicada','2018-03-14 09:44:19.507046','Confirmado'),
  (359,1,'María Azucena','López Nieves','1999-04-06','017025149@upq.edu.mx',7,'5','BME5Ua3hORE16','Aplicada','2018-03-14 09:45:50.741421','Confirmado'),
  (360,1,'adriana','Mansilla','1989-12-09','adrismh89@gmail.com',1,'5','wak1VNXFhM2hP','noAplicada','2018-03-14 09:56:27.162320','Confirmado'),
  (361,1,'Adriana','Mansilla','1989-09-13','adris_mh89@hotmail.com',1,'1','nMU9Ea3hORE16','Aplicada','2018-03-14 09:58:48.998257','Confirmado'),
  (362,1,'Paola','Ayaquica Granados','1999-06-24','017025151@upq.edu.mx',13,'5','nd01UQXhORE16','Aplicada','2018-03-14 10:00:28.216031','Confirmado'),
  (363,11,'Sandra Luz','Canchola','1972-07-18','sandracanchola@yahoo.com',1,'5','NNU1UQXhORE16','Aplicada','2018-03-14 10:09:43.794156','Confirmado'),
  (364,1,'Andrea','Regalado Cruz','1998-11-30','017022827@upq.edu.mx',7,'5','kMFUxRnJNVVpP','Aplicada','2018-03-14 10:45:40.561734','Confirmado'),
  (365,1,'María Guadalupe','Bacilio Uribe','1999-07-30','017024253@upq.edu.mx',13,'1','xMFlWbFdWWGhY','noAplicada','2018-03-14 12:10:15.080289','Confirmado'),
  (366,10,'Gabriela ','Pacheco Sánchez','1994-08-08','gps0894@gmail.com',1,'7','wd2VFMUdiRmhU','Aplicada','2018-03-14 12:54:31.008023','Confirmado'),
  (367,7,'Michel Carmía','Corona Bermúdez','1995-09-04','mia040995@gmail.com',17,'4','weE1HRXdOVWRX','noAplicada','2018-03-14 14:42:55.276578','Confirmado'),
  (368,3,'Juana Elizabeth','Elton Puente','1970-04-26','elizabeth.elton@uaq.edu.mx',1,'5','FMU5ERTBNVFF6','noAplicada','2018-03-14 14:54:11.133023','Confirmado'),
  (369,3,'Sandra Patricia','Rodil García','1986-08-09','patyrodil@gmail.com',16,'7','wd2QyVkZNVWhT','noAplicada','2018-03-14 14:54:43.838101','Confirmado'),
  (370,3,'Verónica','Núñez Perusquía','0000-00-00','Por Confirmar',1,'5','xKlZTQWwifhn1','noAplicada','2018-03-14 15:21:21.561734','Confirmado'),
  (371,3,'Laura','Pérez Téllez','0000-00-00','Por Confirmar',1,'5','TlIEBnbe5XzxL','noAplicada','2018-03-14 15:21:21.763882','Confirmado'),
  (372,1,'Joseline','Fajardo Torres','1997-01-23','015017655@upq.edu.mx',7,'5','wd2VFMUhSWGRO','Aplicada','2018-03-14 15:33:42.984586','Confirmado'),
  (373,1,'Paola Karolina','Guerrero Martínez','1999-07-02','paola.guerreromartinez@yahoo.com.mx',17,'6','0a01GVXhXblJX','Aplicada','2018-03-14 16:02:45.718961','Confirmado'),
  (374,1,'Noemi','Ruiz Ramirez','1999-05-31','noemiruiz100@gmail.com',13,'5','weE1GbFhSWGxW','Aplicada','2018-03-14 16:59:20.737515','Confirmado'),
  (375,1,'Nayeli Guadalupe','Parrales Morelos','1998-11-02','017022273@upq.edu.mx',13,'5','FeE5URTNNVFF6','Aplicada','2018-03-14 17:15:31.434781','Confirmado'),
  (376,1,'Abigail','Zárate Pérez','1999-04-12','017022944@upq.edu.mx',1,'5','weE1GbFhSWGxW','Aplicada','2018-03-14 17:19:21.507046','Confirmado'),
  (377,1,'Leybi Saray','Leon Suastegui ','1998-05-04','saray2003.sl@gmail.com',1,'5','weE1HRXdNVWRX','Aplicada','2018-03-14 17:27:42.944546','Confirmado'),
  (378,1,'Lizbeth Monserrat ','Guerrero Salazar','1998-05-01','017024887@upq.edu.mx',7,'5','weE1GbFdXWGhX','Aplicada','2018-03-14 17:32:00.762906','Confirmado'),
  (379,1,'Lizbeth Monserrat','Guerrero Salazar ','1998-05-01','liz_mgs@outlook.com',7,'5','wd2QyVkZNVWhT','noAplicada','2018-03-14 17:37:50.327359','Confirmado'),
  (380,1,'Araceli','Camacho Navarro','0000-00-00','ara.camacho.n@gmail.com',1,'5','0YWEyUXhXbkpO','Aplicada','2018-03-14 17:47:25.782437','Confirmado'),
  (381,1,'Mitzi Alondra','Martinez Rodriguez ','1998-12-14','017024531@upq.edu.mx',7,'5','xMGFrMVhVWGxV','Aplicada','2018-03-14 18:09:07.723843','Confirmado'),
  (382,1,'Mariel','Berrios Martínez ','1996-10-13','marielbmm17@gmail.com',1,'1','wd2QyVkZNVWRp','Aplicada','2018-03-14 18:35:30.398648','Confirmado'),
  (383,10,'Claudia Cintya','Peña','1985-07-17','claucinpees@gmail.com',1,'1','FME5URTRNVFF6','noAplicada','2018-03-14 18:45:41.142789','Confirmado'),
  (384,2,'Rosa Catalina','Vazquez Benitez','1970-09-29','rositavzqz@hotmail.com',1,'5','RMk1Ua3hORE16','Aplicada','2018-03-14 19:06:24.269742','Confirmado'),
  (385,1,'Griselda','Hernández Rosas','1998-11-15','hernandez.rosas.griselda@gmail.com',7,'5','kMFUyRnJOVVpO','Aplicada','2018-03-14 19:08:47.478726','Confirmado'),
  (386,1,'Diana Jazmín','Granados Yáñez','1999-04-09','granadosdiana67@gmail.com',7,'5','wd2QyVkZNVWRp','Aplicada','2018-03-14 19:41:36.347867','Confirmado'),
  (387,1,'Paola Itzel','Perez Pichardo','1998-09-26','pao.pichardo.pipp@gmail.com',7,'5','0YWIyUXhUbkpO','Aplicada','2018-03-14 19:55:32.006070','Confirmado'),
  (388,1,'Alma Lidia','Ruiz Oropeza','1998-11-21','viviana.oropeza.mora@hotmail.com',7,'5','BeU1USXdNVFF6','Aplicada','2018-03-14 20:21:40.074429','Confirmado'),
  (389,6,'Silvia','Martínez Fernández','1966-12-05','martinezsilvia123456@gmail.com',17,'6','xMFlWbFdWWGxU','Aplicada','2018-03-14 20:37:18.419156','Confirmado'),
  (390,1,'Laura','Ibarra Hernández ','1992-08-05','laurizz_125@hotmail.com',1,'4','wd2QyVkZNVWhT','Aplicada','2018-03-14 20:47:07.354703','Confirmado'),
  (392,1,'Monserrat','Perales Hernandez','2000-07-09','peraleshm0727@gmail.com',1,'5','neU5USXhNVFF6','Aplicada','2018-03-14 21:25:18.054898','Confirmado'),
  (393,1,'Fabiola ','Valles Cruz','1969-08-02','itzelvaldespino.valles@gmail.com',17,'4','FME1qSXhORE16','Aplicada','2018-03-14 22:14:00.472867','Confirmado'),
  (395,3,'Lady Laura','Rosales Cueto','1987-04-05','ladylaurarc@gmail.com',16,'1','wMTU0MzIwMTg3','noAplicada','2018-03-15 00:03:06.837125','Confirmado'),
  (396,1,'Rosa Alejandra','Morales Velasco','0000-00-00','alhessia.morales@gmail.com',1,'5','xODYxNTQzMjAx','Aplicada','2018-03-15 06:18:25.303921','Confirmado'),
  (397,1,'Yuliet','Oliva Romero','1990-06-23','yulietoliva@gmail.com',1,'5','wd2VFMUdiRmRp','noAplicada','2018-03-15 07:32:12.975796','Confirmado'),
  (398,1,'Hannia Melissa','Flores Ornelas','1997-04-10','hannia.flores2@hotmail.com',1,'1','xMTgxNTQzMjAx','Aplicada','2018-03-15 08:11:38.957242','Confirmado'),
  (399,1,'Valeria ','Ramirez Gonzalez','1994-04-23','Valeriasolitarius@hotmail.com',1,'1','wd2QyVkZNVWhT','Aplicada','2018-03-15 08:17:06.548062','Confirmado'),
  (400,15,'Adriana ','Vega de la Cruz','1990-02-05','adris_0590@hotmail.com',1,'1','od1VtVlZPVlZh','Aplicada','2018-03-15 08:29:34.384976','Confirmado'),
  (401,1,'Vania','Hinojosa Navarro','1978-09-15','vania.hinojosa@gmail.com',1,'5','aYVUxUnRWbkpO','Aplicada','2018-03-15 08:33:13.872281','Confirmado'),
  (402,1,'Elizabeth Guadalupe','Arreola Díaz ','1996-07-24','earreoladiaz5@gmail.com',5,'5','xMFlWbFdWWGxU','noAplicada','2018-03-15 08:34:18.420132','noConfirmado'),
  (403,1,'Deyanira','Flores Padilla','0000-00-00','deya_8426@hotmail.com',1,'5','xMFlWbFdWWGhT','Aplicada','2018-03-15 08:57:10.853726','Confirmado'),
  (404,1,'Guadalupe','Morales Ramìrez','0000-00-00','lupismr11@gmail.com',1,'5','kd2NtVlZPVlZT','noAplicada','2018-03-15 09:02:29.702359','noConfirmado'),
  (405,2,'LETICIA','PONS BONALS','0000-00-00','PBOLANS@HOTMAIL.COM',1,'5','weE1HRXdOVWRX','noAplicada','2018-03-15 10:30:57.638882','noConfirmado');
COMMIT;

#
# Data for the `roles` table  (LIMIT 0,500)
#

INSERT INTO `roles` (`idRol`, `nombreRol`) VALUES 
  (1,'Estudiante'),
  (2,'Profesora'),
  (3,'Directora'),
  (4,'Presidenta'),
  (6,'Ama de casa'),
  (7,'Desarrolladora'),
  (8,'Líder de Proyecto'),
  (9,'Gerente'),
  (10,'Coordinadora'),
  (11,'Investigadora'),
  (12,'Asesora'),
  (13,'Supervisora'),
  (14,'Conferencista'),
  (15,'Otra');
COMMIT;



/*!40101 SET CHARACTER_SET_CLIENT=@OLD_CHARACTER_SET_CLIENT */;
/*!40101 SET CHARACTER_SET_RESULTS=@OLD_CHARACTER_SET_RESULTS */;
/*!40101 SET COLLATION_CONNECTION=@OLD_COLLATION_CONNECTION */;